"Country","Year","Life_Expectancy","Adult_Mortality","Alcohol","Percentage_Expenditure","BMI","Total_Expenditure","GDP","Population","Schooling"
"Afghanistan",2010,58.8,279,0.01,79.67936736,16.7,9.2,553.32894,2883167,9.2
"Afghanistan",2011,59.2,275,0.01,7.097108703,17.2,7.87,63.537231,2978599,9.5
"Afghanistan",2012,59.5,272,0.01,78.1842153,17.6,8.52,669.959,3696958,9.8
"Afghanistan",2013,59.9,268,0.01,73.21924272,18.1,8.13,631.744976,31731688,9.9
"Afghanistan",2014,59.9,271,0.01,73.52358168,18.6,8.18,612.696514,327582,10.0
"Afghanistan",2015,65.0,263,0.01,71.27962362,19.1,8.16,584.25921,33736494,10.1
"Albania",2010,76.2,91,5.28,41.82275719,54.3,5.34,494.358832,291321,12.5
"Albania",2011,76.6,88,5.37,437.0621,55.1,5.71,4437.17868,295195,13.3
"Albania",2012,76.9,86,5.14,412.4433563,55.8,5.59,4247.61438,2941,14.2
"Albania",2013,77.2,84,4.76,430.8769785,56.5,5.66,4414.72314,289592,14.2
"Albania",2014,77.5,8,4.51,428.7490668,57.2,5.88,4575.763787,288914,14.2
"Albania",2015,77.8,74,4.6,364.9752287,58.0,6.0,3954.22783,28873,14.2
"Algeria",2010,74.7,119,0.45,430.7175861,53.9,5.12,4463.394675,36117637,13.6
"Algeria",2011,74.9,116,0.56,509.0020405,55.0,5.29,5432.2523,36819558,14.0
"Algeria",2012,75.1,113,0.66,555.9260834,56.1,6.14,5564.82566,37565847,14.4
"Algeria",2013,75.3,112,0.53,544.4507432,57.2,7.12,5471.866766,38338562,14.4
"Algeria",2014,75.4,11,0.01,54.2373183,58.4,7.21,547.8517,39113313,14.4
"Algeria",2015,75.6,19,4.308591549295795,1044.1439328862932,59.5,6.185772471910106,4132.76292,39871528,14.4
"Angola",2010,49.6,365,7.8,191.6537407,2.4,3.39,3529.53482,23369131,9.0
"Angola",2011,51.0,361,8.06,239.8913921,21.0,3.38,4299.12889,24218565,9.4
"Angola",2012,56.0,358,8.24,256.1225243,21.5,3.3,4598.249988,259615,10.3
"Angola",2013,51.1,355,8.1,35.95857279,22.1,4.26,484.616884,2599834,11.4
"Angola",2014,51.7,348,8.33,23.965612,22.7,3.31,479.31224,2692466,11.4
"Angola",2015,52.4,335,4.308591549295795,1044.1439328862932,23.3,6.185772471910106,3695.793748,2785935,11.4
"Argentina",2010,75.5,121,8.15,187.610955,59.8,6.55,1276.265,41223889,16.8
"Argentina",2011,75.7,12,8.11,1504.329462,6.4,5.89,12726.9836,41656879,17.1
"Argentina",2012,75.9,12,8.35,1133.558003,61.0,5.2,12969.7712,4296739,17.2
"Argentina",2013,76.0,119,8.28,1001.796332,61.6,4.99,12976.63642,42539925,17.3
"Argentina",2014,76.2,118,7.93,847.3717463,62.2,4.79,12245.25645,42981515,17.3
"Argentina",2015,76.3,116,4.308591549295795,1044.1439328862932,62.8,6.185772471910106,13467.1236,43417765,17.3
"Armenia",2010,73.5,132,4.23,224.3212014,51.2,4.56,3218.381655,2877311,12.3
"Armenia",2011,73.9,128,4.09,260.9963826,51.9,3.71,3526.978143,2875581,12.7
"Armenia",2012,74.4,121,3.89,274.1526986,52.6,4.48,3684.8481,2881922,12.7
"Armenia",2013,74.4,123,3.79,279.4290812,53.3,4.55,3843.591213,289359,12.7
"Armenia",2014,74.6,12,3.91,295.6087143,54.1,4.48,3994.712355,29622,12.7
"Armenia",2015,74.8,118,4.308591549295795,1044.1439328862932,54.9,6.185772471910106,369.654776,291695,12.7
"Australia",2010,81.9,64,10.52,8875.786493,63.9,9.2,51874.848,223175,19.5
"Australia",2011,82.0,63,10.3,10986.26527,64.4,9.2,62245.129,223424,19.8
"Australia",2012,82.3,61,10.03,11714.99858,65.0,9.36,67677.63477,22728254,20.1
"Australia",2013,82.5,61,9.87,11734.85381,65.5,9.36,67792.3386,23117353,20.3
"Australia",2014,82.7,6,9.71,10769.36305,66.1,9.42,62214.6912,2346694,20.4
"Australia",2015,82.8,59,4.308591549295795,1044.1439328862932,66.6,6.185772471910106,56554.3876,23789338,20.4
"Austria",2010,84.0,75,12.1,7423.228774,55.2,11.17,46657.629,836344,15.4
"Austria",2011,88.0,73,12.04,8272.306757,55.7,1.94,51126.74139,8391643,15.7
"Austria",2012,88.0,7,12.26,7878.372355,56.1,11.17,48333.57273,8429991,15.7
"Austria",2013,81.1,68,11.82,90.58501176,56.6,11.14,554.71532,8479375,15.7
"Austria",2014,81.4,66,12.32,8350.193523,57.1,11.21,51322.63997,8541575,15.9
"Austria",2015,81.5,65,4.308591549295795,1044.1439328862932,57.6,6.185772471910106,43665.947,8633169,15.9
"Azerbaijan",2010,71.1,13,1.98,246.5686008,48.0,5.33,5842.85784,954332,11.7
"Azerbaijan",2011,71.6,125,1.98,263.142699,48.8,5.1,7189.691229,917382,11.7
"Azerbaijan",2012,71.9,123,0.01,285.6103912,49.7,5.37,7496.335728,9295784,11.8
"Azerbaijan",2013,72.2,121,2.14,275.6514934,5.6,5.54,7875.756953,941681,11.9
"Azerbaijan",2014,72.5,119,0.01,306.1824313,51.5,6.4,7891.299776,953579,12.2
"Azerbaijan",2015,72.7,118,4.308591549295795,1044.1439328862932,52.5,6.185772471910106,55.31382,9649341,12.7
"Bangladesh",2010,69.9,142,0.01,62.65945432,15.2,3.6,757.6717572,15214912,8.9
"Bangladesh",2011,73.0,14,0.01,62.34988484,15.8,3.16,835.789341,153911916,9.4
"Bangladesh",2012,77.0,137,0.01,59.2589257,16.4,3.8,856.342857,15572753,9.9
"Bangladesh",2013,71.0,135,0.01,52.82986467,17.0,2.88,951.8894535,157571292,10.0
"Bangladesh",2014,71.4,132,0.01,10.44640334,17.7,2.82,184.56543,15945279,10.0
"Bangladesh",2015,71.8,129,4.308591549295795,1044.1439328862932,18.3,6.185772471910106,121.15812,1612886,10.2
"Belarus",2010,73.0,222,14.44,8.49409518,59.3,5.55,63.38877,949583,15.5
"Belarus",2011,72.0,232,17.31,846.9113071,59.9,4.92,6519.71753,9473172,15.5
"Belarus",2012,71.9,194,16.35,91.70962117,6.5,5.1,694.243915,9464495,15.6
"Belarus",2013,71.7,23,14.66,1109.854619,61.1,6.7,7978.825443,9465997,15.7
"Belarus",2014,72.0,199,13.94,1147.1114,61.7,5.69,8318.429294,9474511,15.7
"Belarus",2015,72.3,196,4.308591549295795,1044.1439328862932,62.3,6.185772471910106,5949.11677,9489616,15.6
"Belgium",2010,80.0,81,10.22,665.7356115,61.9,1.17,4438.23741,1895586,15.9
"Belgium",2011,83.0,8,10.11,713.5297354,62.3,1.42,4772.77415,1147744,16.1
"Belgium",2012,83.0,78,10.08,664.4738975,62.6,1.54,4474.5717,11128246,16.2
"Belgium",2013,87.0,77,11.77,702.359357,63.0,1.57,4651.38647,11182817,16.3
"Belgium",2014,89.0,76,12.6,7163.348923,63.4,1.59,47439.39684,112957,16.3
"Belgium",2015,81.1,74,4.308591549295795,1044.1439328862932,63.7,6.185772471910106,4356.875,11274196,16.6
"Belize",2010,69.5,186,6.76,569.9527122,47.0,5.85,4344.15177,32168,12.4
"Belize",2011,69.4,188,6.64,605.6286892,47.8,5.61,4516.24675,329192,12.4
"Belize",2012,69.4,189,6.66,582.8027185,48.5,5.45,4673.63848,33671,12.5
"Belize",2013,69.8,18,6.56,629.2018591,49.3,5.79,4688.538443,344181,12.9
"Belize",2014,70.0,177,6.58,670.0920883,5.1,5.79,4852.223666,351694,12.8
"Belize",2015,71.0,175,4.308591549295795,1044.1439328862932,5.9,6.185772471910106,4849.997495,359288,12.8
"Benin",2010,58.7,254,1.33,94.25737917,23.0,4.95,757.695974,9199259,9.5
"Benin",2011,59.1,251,1.4,110.2633619,23.5,5.37,825.9427854,94682,9.8
"Benin",2012,59.3,251,0.01,9.80407467,24.1,4.86,837.9551,972916,10.0
"Benin",2013,59.5,251,0.01,87.4080423,24.6,4.59,915.2674586,14451,10.3
"Benin",2014,59.7,252,0.01,90.12206791,25.2,4.59,943.686575,1286712,10.7
"Benin",2015,60.0,249,4.308591549295795,1044.1439328862932,25.7,6.185772471910106,783.94791,1575952,10.7
"Bhutan",2010,67.9,228,0.28,244.0391949,2.3,5.17,2178.921383,727641,11.4
"Bhutan",2011,68.3,225,0.23,289.8524057,21.1,4.73,2458.45976,7451,11.9
"Bhutan",2012,68.7,223,0.01,188.7373664,21.9,3.7,2422.816,752967,12.3
"Bhutan",2013,69.1,219,0.01,19.79057439,22.7,3.83,235.882889,764961,12.6
"Bhutan",2014,69.4,216,0.01,209.3921344,23.6,3.57,2522.7968,776448,12.5
"Bhutan",2015,69.8,211,4.308591549295795,1044.1439328862932,24.5,6.185772471910106,2613.645177,787386,12.5
"Bosnia and Herzegovina",2010,76.4,94,4.54,630.3883564,53.1,9.58,4611.47298,372284,13.3
"Bosnia and Herzegovina",2011,76.9,92,4.64,7.959131146,53.7,9.71,55.156834,3688865,13.4
"Bosnia and Herzegovina",2012,76.8,92,4.61,693.8226461,54.2,9.94,4716.673325,36482,13.9
"Bosnia and Herzegovina",2013,77.0,9,4.12,75.61062911,54.7,9.46,535.86555,364999,14.2
"Bosnia and Herzegovina",2014,77.2,89,4.03,732.8662491,55.3,9.57,5193.94932,35662,14.2
"Bosnia and Herzegovina",2015,77.4,88,4.308591549295795,1044.1439328862932,55.8,6.185772471910106,4574.9787,3535961,14.2
"Botswana",2010,61.1,349,5.99,547.0386679,35.2,5.64,6346.15624,214866,12.3
"Botswana",2011,62.2,325,5.76,668.9562854,35.7,5.25,7645.21469,251339,12.4
"Botswana",2012,63.4,3,0.01,12.83447357,36.2,6.27,729.231453,289315,12.5
"Botswana",2013,64.2,286,0.01,1.117811275,36.8,5.84,77.625783,212857,12.6
"Botswana",2014,65.1,268,0.01,662.802194,37.3,5.41,7497.762376,2168573,12.6
"Botswana",2015,65.7,256,4.308591549295795,1044.1439328862932,37.9,6.185772471910106,6532.651,229197,12.6
"Brazil",2010,73.8,154,7.52,1111.191325,52.0,8.27,11224.1548,196796269,13.8
"Brazil",2011,74.1,152,7.58,1084.999766,52.8,8.9,13167.47289,198686688,14.0
"Brazil",2012,74.5,148,7.55,843.1946259,53.6,8.26,12291.46685,256983,14.2
"Brazil",2013,74.7,146,7.24,916.270845,54.5,8.48,12216.9446,2248632,14.2
"Brazil",2014,74.8,144,7.32,83.16465362,55.3,8.32,1226.61731,24213133,15.2
"Brazil",2015,75.0,142,4.308591549295795,1044.1439328862932,56.1,6.185772471910106,8757.2622,2596218,15.2
"Bulgaria",2010,73.4,147,10.8,766.4454884,62.7,7.24,6843.263289,7395599,13.9
"Bulgaria",2011,73.7,144,10.67,875.1495189,63.3,6.88,7813.83499,7348328,14.2
"Bulgaria",2012,73.9,139,10.99,851.450672,63.9,7.11,7378.25539,735888,14.3
"Bulgaria",2013,74.1,14,12.06,149.659879,64.5,7.93,7674.86559,7265115,14.4
"Bulgaria",2014,74.3,138,12.03,153.1400362,65.1,8.44,7853.335191,7223938,14.8
"Bulgaria",2015,74.5,137,4.308591549295795,1044.1439328862932,65.7,6.185772471910106,6993.47736,7177991,15.0
"Burkina Faso",2010,57.5,279,4.55,90.46018236,16.6,7.17,575.4464527,1565217,6.3
"Burkina Faso",2011,58.1,275,4.51,85.55592906,17.1,5.17,666.842783,168194,6.7
"Burkina Faso",2012,58.6,271,4.75,78.76987363,17.7,5.33,673.8227,16571216,7.2
"Burkina Faso",2013,59.0,27,4.64,88.97040214,18.2,5.91,699.452847,1772723,7.5
"Burkina Faso",2014,59.3,268,0.01,8.386339501,18.8,4.96,75.1464113,17585977,7.7
"Burkina Faso",2015,59.9,26,4.308591549295795,1044.1439328862932,19.4,6.185772471910106,615.592225,1811624,7.7
"Burundi",2010,56.8,33,4.16,31.14187566,16.1,8.82,231.1943256,876693,9.3
"Burundi",2011,57.4,321,4.16,3.595980333,16.6,8.58,26.479973,94358,9.9
"Burundi",2012,58.0,312,0.01,38.73170505,17.1,8.21,265.285651,931971,10.3
"Burundi",2013,58.6,33,0.01,40.15128458,17.6,8.3,282.7555252,96186,10.5
"Burundi",2014,59.1,297,0.01,41.25159038,18.2,7.54,312.7489794,989179,10.6
"Burundi",2015,59.6,288,4.308591549295795,1044.1439328862932,18.7,6.185772471910106,33.681223,119927,10.6
"Cabo Verde",2010,72.5,123,4.75,286.8907303,27.5,4.83,3312.825985,52384,12.7
"Cabo Verde",2011,72.6,122,5.07,4.409153436,28.2,4.6,367.429453,5867,13.1
"Cabo Verde",2012,72.7,121,0.01,33.55888998,29.0,4.61,348.482762,513979,13.2
"Cabo Verde",2013,72.8,12,0.01,325.6298627,29.7,4.29,3558.796314,5216,13.6
"Cabo Verde",2014,73.0,117,0.01,414.0242418,3.5,4.76,3529.61843,526437,13.5
"Cabo Verde",2015,73.3,114,4.308591549295795,1044.1439328862932,31.3,6.185772471910106,2954.119467,532913,13.5
"Cambodia",2010,66.6,192,2.2,56.88416481,16.4,5.95,785.6928841,143874,10.6
"Cambodia",2011,67.0,19,2.12,60.18591771,17.0,5.64,882.491462,14537886,10.7
"Cambodia",2012,67.4,186,0.01,6.914723983,17.6,6.24,95.244132,14776866,10.7
"Cambodia",2013,67.8,183,0.01,8.758214538,18.2,5.93,128.419568,1522692,10.8
"Cambodia",2014,68.3,179,0.01,12.17952064,18.9,5.68,198.687123,152779,10.9
"Cambodia",2015,68.7,174,4.308591549295795,1044.1439328862932,19.6,6.185772471910106,1163.18977,15517635,10.9
"Cameroon",2010,55.3,37,6.15,100.8987451,26.0,5.28,1182.869227,1997495,9.7
"Cameroon",2011,55.6,371,6.19,83.18071241,26.6,3.96,1295.649726,252447,10.0
"Cameroon",2012,55.9,369,0.01,68.55839112,27.2,4.34,1255.648189,2182383,10.4
"Cameroon",2013,56.4,364,0.01,63.07890158,27.8,4.29,1365.34419,21655715,10.4
"Cameroon",2014,56.7,366,0.01,61.39263642,28.4,4.1,1441.1417,2223994,10.4
"Cameroon",2015,57.3,357,4.308591549295795,1044.1439328862932,29.0,6.185772471910106,1244.429421,22834522,10.4
"Canada",2010,81.2,7,8.4,8649.674911,64.1,11.2,47447.4762,345274,15.9
"Canada",2011,81.5,68,8.2,971.9280384,64.7,1.82,5282.2176,3434278,15.9
"Canada",2012,81.6,68,8.3,9748.636237,65.3,1.78,52496.69487,3475545,15.9
"Canada",2013,81.8,67,8.2,9733.228019,65.8,1.67,52413.72116,35155451,15.9
"Canada",2014,82.0,65,8.1,102.1902168,66.4,1.45,544.43376,35544564,15.9
"Canada",2015,82.2,64,4.308591549295795,1044.1439328862932,67.0,6.185772471910106,43315.744,3584861,16.3
"Central African Republic",2010,49.2,446,1.67,43.48359197,2.2,3.9,446.4434494,4448525,6.6
"Central African Republic",2011,49.8,443,1.66,58.52947463,2.7,3.73,494.336779,4476153,6.8
"Central African Republic",2012,53.0,439,0.01,7.344808214,21.2,3.62,486.41114,449416,7.1
"Central African Republic",2013,49.9,451,0.01,52.37766601,21.6,3.82,337.4849614,4499653,7.1
"Central African Republic",2014,58.0,437,0.01,53.43964323,22.1,4.2,377.132274,4515392,7.1
"Central African Republic",2015,52.5,397,4.308591549295795,1044.1439328862932,22.7,6.185772471910106,348.381417,45461,7.1
"Chad",2010,51.2,364,0.5,43.57328908,17.1,2.95,896.5697341,1188722,6.7
"Chad",2011,51.6,365,0.56,67.76269089,17.5,3.17,989.2363633,12288651,6.7
"Chad",2012,51.8,367,0.62,57.8242709,17.9,3.0,973.472574,1275135,7.3
"Chad",2013,52.2,366,0.64,76.52382535,18.2,3.42,986.13177,13133589,7.3
"Chad",2014,52.6,362,0.01,11.3020668,18.7,3.62,125.998515,13569438,7.3
"Chad",2015,53.1,356,4.308591549295795,1044.1439328862932,19.1,6.185772471910106,777.248751,149413,7.3
"Chile",2010,79.1,89,7.93,177.4925143,6.6,6.97,1286.17764,16993354,15.2
"Chile",2011,79.8,86,7.26,211.614293,61.2,7.0,1475.69242,17153357,15.4
"Chile",2012,79.9,84,6.76,2260.777642,61.8,7.24,15431.9293,1739746,15.5
"Chile",2013,81.0,84,7.2,2442.222054,62.5,7.53,15941.39722,17462982,15.6
"Chile",2014,83.0,83,7.16,2352.999591,63.1,7.79,14817.37778,17613798,16.2
"Chile",2015,85.0,82,4.308591549295795,1044.1439328862932,63.8,6.185772471910106,13653.2264,17762681,16.3
"China",2010,75.0,92,5.75,5.660754839,28.1,4.89,456.512487,133775,12.5
"China",2011,75.2,91,5.63,91.26749779,29.0,5.3,5633.79616,134413,12.8
"China",2012,75.4,89,5.74,94.4344566,3.0,5.26,6337.882993,135695,12.4
"China",2013,75.6,88,5.79,9.955532032,3.9,5.39,777.77594,135738,12.7
"China",2014,75.8,86,5.78,109.8743903,31.9,5.55,7683.5238,136427,13.1
"China",2015,76.1,85,4.308591549295795,1044.1439328862932,32.9,6.185772471910106,869.211938,137122,13.5
"Colombia",2010,73.6,15,4.28,113.2436346,54.2,6.76,625.65544,4591897,12.8
"Colombia",2011,74.2,144,4.37,184.3073618,55.0,6.64,7227.73968,4646646,13.0
"Colombia",2012,74.3,143,4.44,1487.896562,55.7,6.93,7884.984429,46881475,13.2
"Colombia",2013,74.4,145,4.41,15.16255482,56.4,6.84,83.5863,47342981,13.3
"Colombia",2014,74.6,144,4.38,1435.487755,57.2,7.2,7913.383432,47791911,13.6
"Colombia",2015,74.8,143,4.308591549295795,1044.1439328862932,57.9,6.185772471910106,644.525556,48228697,13.6
"Comoros",2010,61.8,246,0.15,47.30421873,21.6,5.82,769.1742883,689692,10.5
"Comoros",2011,62.2,241,0.12,59.6596497,22.1,6.1,829.7586885,76569,10.6
"Comoros",2012,62.5,237,0.01,78.39008571,22.6,7.11,788.632653,723868,10.8
"Comoros",2013,62.9,233,0.01,61.57443584,23.2,6.51,834.341949,7415,10.9
"Comoros",2014,63.2,23,0.01,73.86584922,23.7,6.75,852.954379,759385,11.1
"Comoros",2015,63.5,227,4.308591549295795,1044.1439328862932,24.2,6.185772471910106,727.6463868,777424,11.1
"Costa Rica",2010,78.1,16,3.58,2377.010299,55.5,9.66,8199.414621,454528,13.3
"Costa Rica",2011,79.0,98,3.41,2429.854745,56.5,9.73,9186.59639,46474,13.4
"Costa Rica",2012,79.2,97,3.34,2568.237059,57.5,9.56,9985.36959,4654122,13.6
"Costa Rica",2013,79.4,96,3.42,386.1379123,58.5,9.47,1569.66631,47641,13.7
"Costa Rica",2014,79.5,96,3.45,384.5129138,59.5,9.31,1647.44179,4757575,13.9
"Costa Rica",2015,79.6,95,4.308591549295795,1044.1439328862932,6.5,6.185772471910106,1146.36273,487852,14.2
"Croatia",2010,76.6,16,12.1,206.8868182,6.6,8.25,1355.74586,4417781,14.2
"Croatia",2011,77.0,14,12.19,1913.356642,61.3,7.8,14539.18421,428622,14.5
"Croatia",2012,77.1,14,11.49,1851.713262,61.9,7.8,13235.97757,4267558,14.6
"Croatia",2013,77.7,97,12.39,1899.107385,62.5,7.83,13574.749,4255689,14.9
"Croatia",2014,77.8,97,12.14,1884.098811,63.1,7.8,13467.46827,4238389,15.1
"Croatia",2015,78.0,95,4.308591549295795,1044.1439328862932,63.7,6.185772471910106,11579.6674,42364,15.3
"Cyprus",2010,79.5,59,11.32,283.3300258,57.8,7.23,3818.46396,111267,14.6
"Cyprus",2011,79.7,57,10.69,2443.325028,58.3,7.54,32233.83942,1124835,13.8
"Cyprus",2012,80.0,56,10.55,2159.756205,58.7,7.44,28951.15556,113562,13.8
"Cyprus",2013,81.0,54,9.04,212.0859259,59.2,7.46,2797.96736,1143896,13.8
"Cyprus",2014,83.0,53,0.01,207.3041936,59.8,7.37,2734.88382,115239,14.0
"Cyprus",2015,85.0,52,4.308591549295795,1044.1439328862932,6.3,6.185772471910106,2375.1127,116985,14.3
"Denmark",2010,79.2,84,10.28,954.4865933,57.0,11.8,5841.41122,5547683,16.8
"Denmark",2011,79.7,79,10.47,10251.10872,57.4,1.87,61753.667,557572,16.9
"Denmark",2012,80.0,76,9.26,928.4170785,57.7,1.98,5857.521,5591572,18.4
"Denmark",2013,81.0,75,9.5,10261.763,58.1,11.25,61191.19263,5614932,18.7
"Denmark",2014,84.0,73,9.64,10468.76292,58.4,1.8,62425.5392,5643475,19.2
"Denmark",2015,86.0,71,4.308591549295795,1044.1439328862932,58.8,6.185772471910106,5314.64416,5683483,19.2
"Djibouti",2010,61.3,273,0.44,187.4960097,32.2,8.84,1325.99724,851146,5.5
"Djibouti",2011,61.8,268,0.39,20.35974738,32.7,8.71,143.986898,865937,5.9
"Djibouti",2012,62.2,263,0.52,217.2125786,33.2,8.95,1536.15685,881185,6.3
"Djibouti",2013,62.7,256,0.53,229.4410095,33.8,9.14,1622.637974,896688,6.3
"Djibouti",2014,63.0,252,0.38,24.73299655,34.4,1.57,174.91511,912164,6.3
"Djibouti",2015,63.5,241,4.308591549295795,1044.1439328862932,35.0,6.185772471910106,1862.167274,927414,6.3
"Dominican Republic",2010,72.7,166,6.02,664.5585242,53.6,4.6,5451.6696,9897985,12.9
"Dominican Republic",2011,73.1,16,5.91,843.7876995,54.7,4.22,5759.643,12795,13.0
"Dominican Republic",2012,72.1,174,5.93,857.1307037,55.8,4.26,5968.876767,115495,13.1
"Dominican Republic",2013,73.4,157,5.93,97.52211538,56.8,4.12,627.55544,1281296,13.2
"Dominican Republic",2014,73.6,154,5.92,1088.244952,57.9,4.38,6268.692122,145844,13.2
"Dominican Republic",2015,73.9,152,4.308591549295795,1044.1439328862932,58.9,6.185772471910106,6468.471648,1528394,13.2
"Ecuador",2010,75.0,134,3.95,367.9285652,5.7,5.9,4657.32361,1493469,13.1
"Ecuador",2011,75.3,131,3.99,344.7412164,51.4,5.92,5223.351763,15177355,13.2
"Ecuador",2012,75.5,127,3.92,41.88087712,52.1,6.48,572.14313,15419666,13.3
"Ecuador",2013,76.0,121,3.77,59.12850204,52.8,7.29,674.9829,15661547,13.4
"Ecuador",2014,76.0,121,3.82,79.11626341,53.5,9.16,6432.216537,1593112,14.0
"Ecuador",2015,76.2,118,4.308591549295795,1044.1439328862932,54.2,6.185772471910106,625.62224,16144368,14.0
"El Salvador",2010,72.0,191,2.36,469.3904193,52.8,6.91,3474.392445,6164626,12.9
"El Salvador",2011,72.0,197,2.37,549.2783081,53.4,6.81,3736.58713,619256,13.0
"El Salvador",2012,73.0,181,2.48,591.7757569,54.1,6.7,3827.786267,6221246,13.2
"El Salvador",2013,73.0,184,2.42,653.6925016,54.7,6.95,3895.664491,625777,13.2
"El Salvador",2014,73.3,181,2.52,665.7260253,55.4,6.77,3988.771871,6281189,13.2
"El Salvador",2015,73.5,178,4.308591549295795,1044.1439328862932,56.1,6.185772471910106,4127.11775,6312478,13.2
"Equatorial Guinea",2010,56.1,339,9.93,1192.696619,22.1,3.84,17136.44568,95114,9.2
"Equatorial Guinea",2011,56.2,344,10.99,1493.051277,22.6,3.29,21451.88617,99429,9.2
"Equatorial Guinea",2012,56.7,337,11.89,1500.412635,23.0,4.0,21557.6528,138593,9.2
"Equatorial Guinea",2013,57.4,327,10.72,156.3907685,23.5,3.73,2246.9938,183746,9.2
"Equatorial Guinea",2014,57.9,32,0.01,13.40477417,24.0,3.8,192.59733,1129424,9.2
"Equatorial Guinea",2015,58.2,32,4.308591549295795,1044.1439328862932,24.5,6.185772471910106,1347.31257,1175389,9.2
"Eritrea",2010,62.1,298,0.61,17.35739784,16.0,3.24,482.14994,43984,5.1
"Eritrea",2011,62.9,286,0.62,20.97991915,16.5,3.6,582.775532,447469,5.0
"Estonia",2010,75.6,137,14.97,1802.017593,57.6,6.25,14638.6482,1331475,16.2
"Estonia",2011,76.1,138,0.01,2146.945741,58.0,5.83,17454.84342,1327439,16.4
"Estonia",2012,76.3,135,0.01,2263.103797,58.5,6.36,17421.8922,1322696,16.5
"Estonia",2013,76.9,127,0.01,261.2914808,59.0,6.48,1929.7746,1317997,16.5
"Estonia",2014,77.3,122,0.01,2700.07305,59.4,6.38,19941.45532,1314545,16.5
"Estonia",2015,77.6,119,4.308591549295795,1044.1439328862932,59.9,6.185772471910106,1774.9291,131547,16.5
"Ethiopia",2010,61.8,261,1.34,67.73374413,15.6,6.86,341.39992,877267,8.1
"Ethiopia",2011,62.6,249,1.32,67.77565369,16.0,6.55,354.8463544,946756,8.2
"Ethiopia",2012,63.3,241,1.84,86.82551124,16.4,5.77,468.567249,92444183,8.4
"Ethiopia",2013,63.7,237,1.86,8.313282039,16.8,5.19,52.1535887,94887724,8.4
"Ethiopia",2014,64.2,234,0.01,89.95805845,17.2,4.88,571.1622759,97366774,8.4
"Ethiopia",2015,64.8,225,4.308591549295795,1044.1439328862932,17.6,6.185772471910106,645.4637627,9987333,8.4
"Fiji",2010,69.1,2,2.25,62.08343533,58.7,4.23,3651.966784,85995,14.6
"Fiji",2011,69.2,197,0.01,401.7931045,59.5,4.6,4353.121392,86786,14.7
"Fiji",2012,69.4,195,0.01,431.4854874,6.2,4.16,4546.73854,873596,14.9
"Fiji",2013,69.6,192,0.01,460.6487805,61.1,4.26,4763.68956,879715,15.0
"Fiji",2014,69.7,19,0.01,50.539484,61.9,4.49,546.3728,88586,15.2
"Fiji",2015,69.9,188,4.308591549295795,1044.1439328862932,62.7,6.185772471910106,4921.89629,892149,15.3
"Finland",2010,79.9,89,9.72,591.6691405,6.2,9.5,4622.41516,5363352,16.8
"Finland",2011,83.0,86,9.81,71.01620838,6.6,9.1,579.72415,5388272,16.9
"Finland",2012,84.0,82,9.24,5889.012536,61.0,9.3,47415.55987,5413971,17.0
"Finland",2013,87.0,79,8.97,6115.496624,61.4,9.55,49638.7713,5438972,17.0
"Finland",2014,89.0,78,8.8,6164.455402,61.7,9.68,49914.61864,5461512,17.0
"Finland",2015,81.1,76,4.308591549295795,1044.1439328862932,62.1,6.185772471910106,4245.39744,5479531,17.0
"France",2010,81.3,86,11.7,72.8001211,6.1,11.2,473.34279,6527512,16.0
"France",2011,81.7,83,11.8,683.9190568,6.6,11.33,4381.288,65342776,16.1
"France",2012,81.5,83,11.5,751.3793553,61.1,11.44,4838.2444,6565979,16.1
"France",2013,82.0,81,11.1,6646.953935,61.6,11.56,42554.1225,6599857,16.2
"France",2014,82.2,79,11.5,6739.677606,62.0,11.54,42955.24287,66331957,16.2
"France",2015,82.4,78,4.308591549295795,1044.1439328862932,62.5,6.185772471910106,36526.7711,6662468,16.3
"Gabon",2010,62.3,294,8.85,145.318282,33.5,3.41,8754.113376,16421,12.5
"Gabon",2011,62.8,289,8.9,133.5223672,34.1,3.12,1716.2258,169711,12.5
"Gabon",2012,63.5,276,8.3,805.3925284,34.6,3.13,9774.18117,1756817,12.5
"Gabon",2013,64.6,255,8.86,154.8758879,35.2,3.98,9679.742995,1817271,12.5
"Gabon",2014,65.5,237,0.01,715.2816939,35.8,3.44,9692.163874,1875713,12.6
"Gabon",2015,66.0,229,4.308591549295795,1044.1439328862932,36.3,6.185772471910106,7388.984144,193175,12.6
"Georgia",2010,73.8,132,7.24,194.1732658,52.0,1.5,2964.47734,3926,13.3
"Georgia",2011,73.9,127,8.14,198.94876,52.8,9.38,3725.63221,3875,13.3
"Georgia",2012,74.2,13,7.71,158.2576025,53.6,8.57,4142.869175,3825,13.4
"Georgia",2013,74.5,128,5.91,180.3787034,54.4,7.25,4274.376857,3776,13.5
"Georgia",2014,74.5,125,6.13,221.482875,55.3,7.42,4429.6575,3727,13.5
"Georgia",2015,74.4,129,4.308591549295795,1044.1439328862932,56.2,6.185772471910106,3764.64912,37171,13.9
"Germany",2010,81.0,76,11.2,7584.078579,59.9,11.25,41785.55691,8177693,16.7
"Germany",2011,85.0,74,11.2,869.790735,6.4,1.93,4681.32796,8274983,16.8
"Germany",2012,86.0,71,11.18,839.91332,6.9,1.99,4465.24891,8425823,16.9
"Germany",2013,86.0,71,10.94,895.8779503,61.4,11.16,4653.91143,864565,16.9
"Germany",2014,89.0,69,11.03,941.7562909,61.9,11.3,4792.65288,89825,17.0
"Germany",2015,81.0,68,4.308591549295795,1044.1439328862932,62.3,6.185772471910106,41176.88158,81686611,17.1
"Ghana",2010,69.0,267,1.69,195.9824626,25.5,5.33,1312.67557,2451214,10.5
"Ghana",2011,61.2,263,1.64,225.2219474,26.1,4.81,1574.978653,25121796,10.9
"Ghana",2012,61.6,257,0.01,151.899429,26.7,4.79,1629.8222,2573349,11.2
"Ghana",2013,61.9,254,0.01,28.66897829,27.3,4.63,1814.492297,26346251,11.5
"Ghana",2014,62.1,253,0.01,97.67794571,28.0,3.56,1432.227943,26962563,11.7
"Ghana",2015,62.4,249,4.308591549295795,1044.1439328862932,28.6,6.185772471910106,1361.11395,27582821,11.4
"Greece",2010,83.0,76,9.0,3189.754439,63.7,9.18,26917.75898,11121341,16.4
"Greece",2011,85.0,76,8.02,3192.887363,64.3,9.77,25916.29353,1114899,16.7
"Greece",2012,84.0,76,8.2,2528.992935,64.9,9.24,22242.68193,114511,16.8
"Greece",2013,86.0,74,7.46,2183.106986,65.4,9.26,21874.8195,1965211,17.1
"Greece",2014,88.0,73,7.53,2163.043414,66.0,8.8,21673.7817,1892413,17.2
"Greece",2015,81.0,72,4.308591549295795,1044.1439328862932,66.5,6.185772471910106,187.78991,182883,17.2
"Guatemala",2010,77.0,196,2.14,443.3248254,47.2,6.64,2825.5247,1463417,10.5
"Guatemala",2011,71.1,193,2.16,457.7745845,47.9,6.28,3187.845296,14948919,10.5
"Guatemala",2012,71.3,189,2.02,484.7187892,48.6,6.33,3299.65139,1527156,10.6
"Guatemala",2013,71.4,189,1.93,582.1469583,49.3,6.3,3452.828934,15596214,10.7
"Guatemala",2014,71.7,187,1.88,657.5282797,49.9,6.2,3687.763767,15923559,10.7
"Guatemala",2015,71.9,186,4.308591549295795,1044.1439328862932,5.6,6.185772471910106,3923.573344,16252429,10.7
"Guinea",2010,57.8,291,0.2,29.74734049,2.8,4.55,438.7513346,179417,8.3
"Guinea",2011,58.1,29,0.22,42.2547904,21.2,4.73,459.2912,113517,8.4
"Guinea",2012,58.4,288,0.01,4.344930862,21.7,5.39,52.3485646,11281469,8.5
"Guinea",2013,58.8,284,0.01,5.140668848,22.2,5.49,54.169324,11536615,8.5
"Guinea",2014,58.1,299,0.01,50.57976483,22.7,5.64,561.997387,118559,8.6
"Guinea",2015,59.0,284,4.308591549295795,1044.1439328862932,23.3,6.185772471910106,554.48766,1291533,8.8
"Guinea-Bissau",2010,56.7,287,3.21,53.30782696,23.1,6.7,543.957418,155588,8.9
"Guinea-Bissau",2011,57.1,289,3.57,40.45367358,23.7,5.46,692.69989,1596154,9.0
"Guinea-Bissau",2012,57.6,285,0.01,0.948526366,24.3,5.96,67.7518833,1638139,9.1
"Guinea-Bissau",2013,58.1,279,0.01,8.20063742,25.0,6.14,61.566347,1681495,9.1
"Guinea-Bissau",2014,58.4,282,0.01,50.06053544,25.6,5.59,642.6256154,1725744,9.2
"Guinea-Bissau",2015,58.9,275,4.308591549295795,1044.1439328862932,26.3,6.185772471910106,596.8717189,177526,9.2
"Guyana",2010,65.9,221,7.52,48.02859441,42.4,6.6,326.281212,746556,10.2
"Guyana",2011,65.6,229,7.56,536.2332523,43.2,6.8,3439.597513,7491,10.3
"Guyana",2012,65.8,22,7.57,497.4719464,44.1,6.57,3785.935665,75391,10.6
"Guyana",2013,65.9,218,7.56,345.9044258,45.0,5.1,3944.178173,75881,10.3
"Guyana",2014,66.0,217,7.64,4.141293345,45.9,5.25,43.82321,763393,10.3
"Guyana",2015,66.2,215,4.308591549295795,1044.1439328862932,46.7,6.185772471910106,4136.689919,768514,10.3
"Haiti",2010,36.3,682,5.76,36.2929176,44.2,8.9,662.2795182,9999617,8.6
"Haiti",2011,62.3,259,5.68,4.106484317,45.3,1.41,74.9358452,114554,8.7
"Haiti",2012,62.3,259,5.68,26.37942542,46.5,9.88,766.8437623,128921,8.9
"Haiti",2013,62.7,253,5.68,4.989712322,47.7,8.1,81.265673,1431776,9.1
"Haiti",2014,63.1,245,0.01,5.103249438,48.8,7.56,83.1148117,1572466,9.1
"Haiti",2015,63.5,24,4.308591549295795,1044.1439328862932,49.9,6.185772471910106,814.5463952,171161,9.1
"Honduras",2010,73.6,156,3.1,302.1057507,46.8,8.45,1932.85829,8194778,11.5
"Honduras",2011,73.9,153,3.1,32.16407994,47.6,8.57,212.584798,83516,11.7
"Honduras",2012,74.1,151,3.11,363.5721644,48.4,9.78,2178.38325,855646,11.6
"Honduras",2013,74.3,15,3.11,311.7553193,49.3,9.15,2136.77395,8657785,11.6
"Honduras",2014,74.5,149,2.87,345.3776344,5.2,8.72,2242.711912,889216,11.4
"Honduras",2015,74.6,147,4.308591549295795,1044.1439328862932,51.0,6.185772471910106,2326.15856,896829,11.2
"Hungary",2010,74.5,156,10.78,19.22023996,61.7,7.85,1325.53379,123,15.3
"Hungary",2011,74.8,15,11.51,17.82121883,62.4,7.84,1448.87958,9971727,15.4
"Hungary",2012,75.0,146,11.27,164.2793407,63.0,7.74,12834.32349,992362,15.4
"Hungary",2013,75.5,139,10.88,155.1952076,63.6,7.53,13613.6147,989382,15.4
"Hungary",2014,75.6,137,0.01,160.9449342,64.2,7.4,14117.97668,9866468,15.8
"Hungary",2015,75.8,134,4.308591549295795,1044.1439328862932,64.8,6.185772471910106,12365.6263,984328,15.6
"Iceland",2010,81.8,53,8.25,6005.575763,58.9,8.86,41676.44527,31841,18.4
"Iceland",2011,82.1,51,8.13,7.0480925,59.3,8.65,46.217,31914,18.6
"Iceland",2012,82.5,5,7.81,6818.546407,59.7,8.68,44333.8518,32716,18.7
"Iceland",2013,82.4,5,7.31,764.5440691,6.2,8.75,4781.3888,323764,19.0
"Iceland",2014,82.5,49,7.45,8254.020763,6.6,8.86,52473.11356,327386,19.0
"Iceland",2015,82.7,49,4.308591549295795,1044.1439328862932,61.0,6.185772471910106,5734.4436,33815,19.0
"India",2010,66.4,196,2.77,57.73359864,15.9,4.28,1345.77153,12398691,10.4
"India",2011,66.8,193,3.0,64.6059005,16.4,4.33,1461.671957,124723629,10.8
"India",2012,67.3,19,3.1,64.96964491,17.0,4.39,1446.98541,126365852,11.3
"India",2013,67.6,187,3.11,67.67230438,17.5,4.53,1452.195373,127856227,11.5
"India",2014,68.0,184,3.07,86.52153895,18.1,4.69,1573.11889,1293859294,11.6
"India",2015,68.3,181,4.308591549295795,1044.1439328862932,18.7,6.185772471910106,1613.18878,1395398,11.6
"Indonesia",2010,68.1,187,0.08,190.5453646,22.9,2.74,3113.48635,242524123,12.1
"Indonesia",2011,68.3,185,0.08,211.8783404,23.8,2.71,3634.27685,24577511,12.3
"Indonesia",2012,68.5,183,0.08,254.4688257,24.7,2.9,3687.953996,248883232,12.6
"Indonesia",2013,68.7,181,0.09,22.8478308,25.6,2.93,362.663981,25232263,12.9
"Indonesia",2014,68.9,179,0.09,200.0684443,26.5,2.85,3491.595887,255131116,12.9
"Indonesia",2015,69.1,176,4.308591549295795,1044.1439328862932,27.4,6.185772471910106,3336.16686,258162113,12.9
"Iraq",2010,76.0,145,0.19,21.82252494,55.8,3.82,452.74948,376271,10.4
"Iraq",2011,77.0,144,0.17,285.119726,56.5,3.32,5854.614497,3172753,10.4
"Iraq",2012,76.0,147,0.01,429.6625083,57.2,5.26,6651.12242,32776571,10.5
"Iraq",2013,69.5,17,0.01,447.3695001,57.8,5.92,6925.22446,33883145,10.3
"Iraq",2014,67.9,199,0.01,43.5240801,58.5,5.54,673.74737,3568,10.1
"Iraq",2015,68.9,182,4.308591549295795,1044.1439328862932,59.1,6.185772471910106,4974.2693,36115649,10.1
"Ireland",2010,86.0,68,11.88,4509.234803,58.9,8.76,48538.58776,456155,18.2
"Ireland",2011,84.0,7,11.72,6386.95437,59.7,8.15,52567.52568,4576794,18.5
"Ireland",2012,85.0,69,11.49,6616.695125,6.5,8.32,49231.36254,4586897,18.5
"Ireland",2013,81.0,67,10.49,703.5527332,61.3,8.1,5234.76736,4598294,18.6
"Ireland",2014,81.2,66,10.75,746.3670453,62.1,7.78,5553.32623,4617225,18.6
"Ireland",2015,81.4,64,4.308591549295795,1044.1439328862932,62.8,6.185772471910106,6664.144,4676835,18.6
"Israel",2010,81.7,61,2.63,409.4109292,63.0,7.36,3661.994,76236,15.7
"Israel",2011,81.8,61,2.67,3793.161624,63.4,7.39,33657.15727,77658,15.8
"Israel",2012,81.8,6,2.78,3830.184587,63.8,7.73,32569.59683,7915,15.9
"Israel",2013,82.1,61,2.69,4279.895512,64.2,7.89,36393.66932,8595,15.9
"Israel",2014,82.2,6,2.62,4348.33531,64.6,7.81,37582.84624,82157,16.0
"Israel",2015,82.5,58,4.308591549295795,1044.1439328862932,64.9,6.185772471910106,35729.37253,8381,16.0
"Italy",2010,81.8,6,6.95,5219.668802,61.0,9.42,35849.37364,59277417,16.4
"Italy",2011,82.0,6,6.98,5439.691769,61.5,9.27,38334.68477,59379449,16.4
"Italy",2012,82.0,6,7.49,4793.904924,62.1,9.28,34814.12436,59539717,16.6
"Italy",2013,82.3,58,7.35,483.1916844,62.6,9.22,3537.27441,6233948,16.5
"Italy",2014,82.5,57,7.56,4831.644796,63.1,9.25,35396.66517,678914,16.3
"Italy",2015,82.7,56,4.308591549295795,1044.1439328862932,63.6,6.185772471910106,349.14755,673582,16.3
"Jamaica",2010,75.0,138,3.55,396.6270975,5.5,5.3,4682.728424,281721,12.7
"Jamaica",2011,75.2,139,3.58,33.17529686,51.2,5.21,513.549487,2829493,12.8
"Jamaica",2012,75.3,138,3.65,37.17108782,52.0,5.66,521.33363,284992,12.8
"Jamaica",2013,75.6,136,3.79,5.457289334,52.7,5.91,56.144952,285187,12.8
"Jamaica",2014,75.8,133,3.83,427.3054534,53.5,5.36,4855.743789,286287,12.8
"Jamaica",2015,76.2,125,4.308591549295795,1044.1439328862932,54.2,6.185772471910106,4965.989857,2871934,12.8
"Japan",2010,83.0,62,6.9,863.0061491,26.9,9.58,4457.67639,1287,15.1
"Japan",2011,82.5,64,7.39,9498.729062,27.4,1.7,48167.99727,127833,15.1
"Japan",2012,83.3,58,7.39,121.5869163,27.8,1.17,4863.47665,127629,15.3
"Japan",2013,83.5,56,7.55,94.43428615,28.2,1.25,4454.44746,127445,15.3
"Japan",2014,83.5,57,0.01,88.83362243,28.6,1.23,3896.21151,127276,15.3
"Japan",2015,83.7,55,4.308591549295795,1044.1439328862932,29.0,6.185772471910106,34474.13736,127141,15.3
"Jordan",2010,73.4,117,0.51,715.9709092,61.7,8.42,3679.19275,718239,13.2
"Jordan",2011,73.6,116,0.43,68.86623298,62.4,8.39,387.324145,7574943,13.1
"Jordan",2012,73.7,115,0.41,67.70171064,63.2,8.0,387.753211,7992573,12.9
"Jordan",2013,73.9,114,0.4,546.6235156,64.0,7.23,3992.86717,8413464,13.1
"Jordan",2014,74.0,113,0.41,63.8784522,64.8,7.45,466.94775,88936,13.1
"Jordan",2015,74.1,112,4.308591549295795,1044.1439328862932,65.6,6.185772471910106,496.99275,915932,13.1
"Kazakhstan",2010,67.8,236,6.83,11.1516268,49.2,4.42,97.649972,16321581,14.5
"Kazakhstan",2011,68.5,224,6.63,179.170133,49.9,4.6,11634.42422,165566,14.4
"Kazakhstan",2012,69.1,214,6.82,235.3566066,5.6,4.32,12387.18982,16791425,14.7
"Kazakhstan",2013,69.5,28,6.48,26.4072659,51.4,4.3,1389.8561,1735275,15.0
"Kazakhstan",2014,69.9,22,6.29,24.44473709,52.3,4.36,1286.56511,17289224,15.0
"Kazakhstan",2015,72.0,198,4.308591549295795,1044.1439328862932,53.1,6.185772471910106,159.9817,17544126,15.0
"Kenya",2010,63.0,294,1.73,56.58984221,18.9,3.97,967.34773,4135152,11.1
"Kenya",2011,61.2,278,1.8,109.7051836,19.5,5.23,987.4453967,42486839,11.1
"Kenya",2012,62.1,263,1.81,154.2269697,2.1,5.49,1155.2582,43646629,11.1
"Kenya",2013,62.6,258,1.84,165.9304977,2.7,5.57,1229.114798,44826849,11.1
"Kenya",2014,62.9,255,0.01,170.9626624,21.3,5.72,1335.6458,462425,11.1
"Kenya",2015,63.4,249,4.308591549295795,1044.1439328862932,22.0,6.185772471910106,1349.97144,47236259,11.1
"Kiribati",2010,65.3,27,0.48,18.21661422,75.2,1.52,1493.1651,12652,11.9
"Kiribati",2011,65.5,26,0.53,30.46703899,75.7,1.42,1692.613277,14656,11.9
"Kiribati",2012,65.7,24,0.01,147.4549755,76.2,1.37,1763.815497,16613,11.9
"Kiribati",2013,65.8,22,0.01,137.2591943,76.7,1.15,1724.361737,18535,11.9
"Kiribati",2014,66.1,2,0.01,97.87193319,77.1,1.21,1684.54274,11458,11.9
"Kiribati",2015,66.3,198,4.308591549295795,1044.1439328862932,77.6,6.185772471910106,1424.483611,11247,11.9
"Latvia",2010,72.8,18,9.8,1109.969508,58.9,6.55,11326.21947,297555,16.0
"Latvia",2011,73.6,169,10.14,24.70841046,59.4,6.1,1372.68947,25979,15.8
"Latvia",2012,73.8,163,10.21,1356.022164,59.8,5.91,13822.8559,234319,15.5
"Latvia",2013,74.1,161,10.37,150.3116884,6.2,5.67,1532.22924,212647,15.4
"Latvia",2014,74.4,156,0.01,1542.635979,6.7,5.88,15725.1374,1993782,16.0
"Latvia",2015,74.6,153,4.308591549295795,1044.1439328862932,61.2,6.185772471910106,13666.58336,1977527,16.0
"Lebanon",2010,74.9,94,1.58,805.3956346,63.5,7.19,8763.826274,4337141,13.3
"Lebanon",2011,75.0,93,1.57,835.0626827,64.0,7.12,8734.9653,4588368,13.2
"Lebanon",2012,75.0,93,1.53,151.1526829,64.4,6.99,8787.94668,491644,13.3
"Lebanon",2013,74.9,97,1.29,14.55610463,64.9,6.63,846.285153,527612,13.3
"Lebanon",2014,74.8,99,1.32,140.3771361,65.4,6.39,8161.4614,563279,13.3
"Lebanon",2015,74.9,98,4.308591549295795,1044.1439328862932,66.1,6.185772471910106,846.632851,5851479,13.3
"Lesotho",2010,51.1,527,2.71,154.8705998,29.7,1.87,1173.26212,24551,10.9
"Lesotho",2011,52.3,52,2.39,195.825251,3.2,11.79,1352.38433,264166,11.0
"Lesotho",2012,52.2,513,0.01,168.1348992,3.8,11.14,1281.516,289928,11.0
"Lesotho",2013,52.1,518,0.01,153.3443147,31.4,11.7,1196.1335,2117361,11.1
"Lesotho",2014,52.1,522,0.01,162.1278115,32.0,1.62,1174.839214,2145785,10.8
"Lesotho",2015,53.7,484,4.308591549295795,1044.1439328862932,32.6,6.185772471910106,173.82893,2174645,10.7
"Liberia",2010,59.7,272,3.64,41.91052416,24.5,11.87,327.42597,3948125,9.6
"Liberia",2011,62.0,266,3.72,60.44658161,25.0,11.23,379.689583,47167,9.5
"Liberia",2012,67.0,261,0.01,48.09891474,25.6,1.19,415.361958,4181563,9.6
"Liberia",2013,61.1,258,0.01,45.04892458,26.1,9.25,454.1222236,4286291,9.8
"Liberia",2014,58.1,329,0.01,54.37396957,26.7,1.4,458.4651734,439737,9.9
"Liberia",2015,61.4,259,4.308591549295795,1044.1439328862932,27.3,6.185772471910106,452.38717,4499621,9.9
"Lithuania",2010,72.4,188,12.9,1423.802386,6.0,7.9,11984.86857,397282,16.8
"Lithuania",2011,72.8,18,12.66,1758.822757,6.5,6.86,14357.73679,328115,16.7
"Lithuania",2012,73.0,176,15.14,1807.071336,6.9,6.67,14341.836,2987773,16.5
"Lithuania",2013,73.0,178,15.04,1968.816817,61.4,6.59,15712.82376,2957689,16.4
"Lithuania",2014,73.4,169,15.19,2211.744178,61.9,6.55,16554.97139,2932367,16.5
"Lithuania",2015,73.6,165,4.308591549295795,1044.1439328862932,62.4,6.185772471910106,14252.42853,29491,16.5
"Luxembourg",2010,86.0,73,11.36,2267.252192,59.2,7.68,14965.361,56953,13.7
"Luxembourg",2011,88.0,72,11.5,17028.52798,59.6,7.34,115761.577,518347,13.9
"Luxembourg",2012,81.1,7,11.34,2284.58215,6.1,7.18,16749.136,53946,13.9
"Luxembourg",2013,81.4,68,11.02,15515.75234,6.5,7.1,113751.85,54336,13.9
"Luxembourg",2014,81.7,65,11.12,16255.16198,6.9,6.94,119172.7418,556319,13.9
"Luxembourg",2015,82.0,63,4.308591549295795,1044.1439328862932,61.3,6.185772471910106,1199.8223,56964,13.9
"Madagascar",2010,63.3,248,1.03,76.60442169,18.0,4.86,412.739341,2115164,10.2
"Madagascar",2011,63.8,241,0.97,78.79967196,18.5,4.24,454.963464,21743949,10.2
"Madagascar",2012,64.3,235,0.87,59.97914461,19.0,3.46,443.9611,22346573,10.2
"Madagascar",2013,64.7,23,0.87,79.50882493,19.5,4.15,461.723722,22961146,10.3
"Madagascar",2014,65.1,225,0.01,5.339065673,2.0,3.4,452.4631926,2358981,10.3
"Madagascar",2015,65.5,22,4.308591549295795,1044.1439328862932,2.5,6.185772471910106,41.8575951,2423488,10.3
"Malawi",2010,52.9,462,1.08,9.728005297,17.6,1.5,458.8681744,1516795,10.2
"Malawi",2011,54.1,441,1.23,13.77617463,18.0,11.67,512.125451,15627618,10.6
"Malawi",2012,55.3,42,0.01,82.76865922,18.4,12.6,374.51882,169735,10.7
"Malawi",2013,56.7,394,0.01,55.83107625,18.8,1.96,332.922339,16577147,10.7
"Malawi",2014,57.6,377,0.01,59.48744893,19.2,11.38,354.7253961,1768838,10.7
"Malawi",2015,58.3,365,4.308591549295795,1044.1439328862932,19.6,6.185772471910106,362.6575444,1757367,10.8
"Malaysia",2010,74.1,131,0.49,65.56659662,35.3,3.99,971.356987,28112289,12.8
"Malaysia",2011,74.3,13,0.51,9.23002632,36.3,3.89,145.1262,28635128,13.0
"Malaysia",2012,74.5,129,0.53,101.609245,37.4,4.1,1779.49641,2917456,12.9
"Malaysia",2013,74.6,128,0.53,110.6779711,38.5,4.2,1882.27842,2976724,12.9
"Malaysia",2014,74.8,126,0.52,721.3655432,39.5,4.17,11183.96191,322817,13.0
"Malaysia",2015,75.0,123,4.308591549295795,1044.1439328862932,4.6,6.185772471910106,9643.644683,3723155,13.1
"Maldives",2010,76.7,73,1.83,91.13971812,22.1,7.93,633.79498,367,11.6
"Maldives",2011,77.3,67,1.92,1079.893546,23.1,8.11,6497.55443,377,11.8
"Maldives",2012,77.6,65,0.01,1259.940376,24.1,9.16,6541.7465,385,12.1
"Maldives",2013,77.9,64,0.01,1626.591186,25.1,11.16,7112.33575,393,12.4
"Maldives",2014,78.2,62,0.01,2051.748615,26.2,13.73,7716.2415,41,12.7
"Maldives",2015,78.5,61,4.308591549295795,1044.1439328862932,27.4,6.185772471910106,8395.785198,49163,12.7
"Mali",2010,56.5,273,0.6,9.585584394,2.7,6.35,78.377632,157585,7.3
"Mali",2011,56.8,271,0.61,101.8113996,21.3,6.59,835.88998,1554989,7.5
"Mali",2012,57.2,27,0.01,96.5465827,21.9,6.47,777.3476868,16667,7.7
"Mali",2013,57.3,275,0.01,36.86104319,22.5,6.58,777.659139,16477818,8.0
"Mali",2014,57.8,272,0.01,46.56231672,23.2,6.86,825.5729915,16962846,8.2
"Mali",2015,58.2,266,4.308591549295795,1044.1439328862932,23.8,6.185772471910106,729.725338,1746795,8.4
"Malta",2010,83.0,62,7.91,278.0687051,67.6,8.3,2187.79469,41458,14.6
"Malta",2011,87.0,59,6.91,3601.287457,68.0,9.6,22821.847,416268,14.8
"Malta",2012,81.0,58,7.67,343.123395,68.4,9.95,2193.8836,419455,14.1
"Malta",2013,81.1,57,8.58,374.2947283,68.8,9.89,2393.1888,423374,14.2
"Malta",2014,81.4,55,8.49,409.6000248,69.2,9.75,2618.92599,427364,14.3
"Malta",2015,81.7,54,4.308591549295795,1044.1439328862932,69.6,6.185772471910106,23819.4636,431874,14.6
"Mauritania",2010,62.0,214,0.01,8.353074798,27.4,3.28,123.383675,369543,7.6
"Mauritania",2011,62.2,212,0.01,79.27658464,28.1,2.87,1393.261593,3717672,7.7
"Mauritania",2012,62.5,29,0.01,62.48419552,28.8,3.36,1364.283745,383239,7.8
"Mauritania",2013,62.7,28,0.01,8.88028118,29.4,3.63,145.57838,394617,8.2
"Mauritania",2014,63.0,26,0.01,80.92679802,3.1,3.77,1326.66882,46392,8.5
"Mauritania",2015,63.1,25,4.308591549295795,1044.1439328862932,3.8,6.185772471910106,1158.256469,4182341,8.5
"Mauritius",2010,73.3,163,2.95,0.108055973,3.7,5.29,8.376432,1254,14.0
"Mauritius",2011,73.6,158,3.03,918.807245,31.3,5.2,9197.26972,125244,14.1
"Mauritius",2012,73.9,154,0.01,915.1859205,31.8,4.76,9291.227619,1255882,14.3
"Mauritius",2013,74.1,147,0.01,917.467628,32.3,4.82,9637.265,1258653,14.7
"Mauritius",2014,74.2,148,0.01,115.2784282,32.8,4.81,1153.93822,126934,14.7
"Mauritius",2015,74.6,146,4.308591549295795,1044.1439328862932,33.3,6.185772471910106,9252.11724,126265,15.2
"Mexico",2010,75.6,127,5.21,1033.039737,6.1,6.39,8959.581416,117318941,12.5
"Mexico",2011,76.1,124,5.3,1117.196097,6.8,6.4,9834.472689,119917,12.6
"Mexico",2012,76.3,123,5.29,112.696486,61.5,6.21,982.532572,1282837,12.7
"Mexico",2013,76.6,12,5.23,150.408875,62.1,6.3,1298.86766,122535969,12.9
"Mexico",2014,76.6,122,5.26,168.173753,62.8,6.3,1452.27766,1242216,13.1
"Mexico",2015,76.7,122,4.308591549295795,1044.1439328862932,63.5,6.185772471910106,9143.128494,12589949,13.3
"Mongolia",2010,66.3,25,5.8,22.31624272,46.9,4.7,265.353659,271265,14.3
"Mongolia",2011,67.3,235,0.01,257.8403154,48.0,4.45,3769.595255,2761516,14.6
"Mongolia",2012,67.8,231,0.01,253.8285861,49.2,4.22,4368.82248,2814226,14.7
"Mongolia",2013,68.1,227,0.01,241.1958645,5.4,4.21,4385.379355,286917,14.7
"Mongolia",2014,68.4,225,0.01,281.0023992,51.5,4.73,4181.583321,2923896,14.8
"Mongolia",2015,68.8,222,4.308591549295795,1044.1439328862932,52.7,6.185772471910106,3944.1839,2976877,14.8
"Montenegro",2010,75.3,115,6.56,635.4849381,59.1,6.9,6682.281158,619428,15.0
"Montenegro",2011,75.4,113,6.56,666.7374371,59.7,6.92,7318.742449,6279,15.1
"Montenegro",2012,75.6,11,0.01,648.1331781,6.2,7.25,6586.71929,6261,15.1
"Montenegro",2013,75.8,19,0.01,707.144691,6.7,6.43,7186.429787,62127,15.1
"Montenegro",2014,75.9,17,0.01,726.0291764,61.3,6.42,7378.345289,62181,15.1
"Montenegro",2015,76.1,16,4.308591549295795,1044.1439328862932,61.8,6.185772471910106,6461.192554,622159,15.1
"Morocco",2010,72.8,11,0.56,183.6592186,53.6,5.86,2834.2472,3249639,10.7
"Morocco",2011,73.3,14,0.54,22.0945504,54.6,5.99,339.91616,32858823,11.2
"Morocco",2012,73.6,99,0.55,19.15853732,55.5,6.15,294.746728,33333789,11.6
"Morocco",2013,73.9,97,0.45,179.8598949,56.5,5.94,3111.762887,33824769,12.1
"Morocco",2014,74.1,96,0.43,198.7343495,57.5,5.91,3154.513484,3431882,12.1
"Morocco",2015,74.3,95,4.308591549295795,1044.1439328862932,58.5,6.185772471910106,2847.285569,3483322,12.1
"Mozambique",2010,54.0,47,0.96,5.743393664,2.5,5.38,419.2258149,2422145,9.3
"Mozambique",2011,54.3,47,0.94,40.80617976,2.9,6.23,526.5313517,249395,9.5
"Mozambique",2012,54.8,48,1.19,49.90987221,21.3,5.58,566.513873,2567666,9.2
"Mozambique",2013,55.3,46,1.16,5.813338496,21.8,5.9,65.985681,26434372,9.1
"Mozambique",2014,56.7,375,0.01,54.91159475,22.2,6.98,623.2871141,27212382,9.1
"Mozambique",2015,57.6,355,4.308591549295795,1044.1439328862932,22.6,6.185772471910106,528.3125597,281691,9.1
"Myanmar",2010,65.4,29,0.3,17.48293752,19.8,1.92,987.7365832,5155896,8.8
"Myanmar",2011,65.6,27,0.33,21.23698847,2.5,1.87,1186.423937,555331,9.1
"Myanmar",2012,65.9,25,0.55,38.4279083,21.3,2.22,1171.58257,5986514,9.1
"Myanmar",2013,66.2,22,0.7,38.33793462,22.1,2.16,1168.83947,51448196,9.1
"Myanmar",2014,66.4,21,0.01,45.33788677,22.9,2.28,1262.893782,51924182,9.1
"Myanmar",2015,66.6,199,4.308591549295795,1044.1439328862932,23.8,6.185772471910106,1194.59137,5243669,9.1
"Namibia",2010,63.0,299,7.58,719.5535161,31.8,7.89,5191.58381,217317,11.4
"Namibia",2011,64.3,268,7.84,7.896234931,32.5,8.78,56.971392,2215621,11.5
"Namibia",2012,65.8,232,0.01,796.8734263,33.3,8.24,5749.44752,2263934,11.5
"Namibia",2013,66.1,232,0.01,760.6550553,34.1,8.53,5488.131712,231652,11.6
"Namibia",2014,65.9,242,0.01,751.3982719,34.9,8.93,5421.343953,237992,11.7
"Namibia",2015,65.8,248,4.308591549295795,1044.1439328862932,35.7,6.185772471910106,4737.66996,2425561,11.7
"Nepal",2010,68.0,178,0.24,84.62302524,16.4,6.43,592.1835216,2723137,11.1
"Nepal",2011,68.4,172,0.27,112.1229028,16.9,6.73,692.1166842,27327147,12.0
"Nepal",2012,68.9,167,0.26,80.58788376,17.4,5.89,681.7925868,27649925,12.3
"Nepal",2013,69.3,162,0.27,80.15505125,18.0,5.69,688.6172788,2798531,12.3
"Nepal",2014,69.6,158,0.01,8.523486403,18.5,5.8,76.2386977,28323241,12.4
"Nepal",2015,69.2,165,4.308591549295795,1044.1439328862932,19.1,6.185772471910106,743.7653489,28656282,12.2
"Netherlands",2010,88.0,64,9.33,1035.621437,59.3,1.48,5338.25483,16615394,17.0
"Netherlands",2011,81.1,63,8.96,1047.370244,59.9,1.53,5354.6536,1669374,17.2
"Netherlands",2012,81.1,62,9.05,1162.656768,6.5,11.1,49474.7561,16754962,18.1
"Netherlands",2013,81.4,6,8.68,1475.030397,61.0,11.4,51574.48942,1684432,18.1
"Netherlands",2014,81.7,58,0.01,1491.703605,61.6,1.9,52157.4687,168658,18.1
"Netherlands",2015,81.9,57,4.308591549295795,1044.1439328862932,62.1,6.185772471910106,44292.88473,16939923,18.1
"Nicaragua",2010,73.2,154,3.38,302.7045411,5.2,6.58,1526.497938,5737723,11.4
"Nicaragua",2011,74.5,147,3.39,321.6132593,5.9,6.39,1682.957924,58782,11.5
"Nicaragua",2012,73.9,157,3.63,334.8174246,51.7,8.4,1792.3845,587718,11.5
"Nicaragua",2013,73.9,157,3.58,366.4841804,52.4,8.43,1847.19849,5945747,11.5
"Nicaragua",2014,74.5,148,3.55,473.1238124,53.2,9.4,1975.46477,613997,11.6
"Nicaragua",2015,74.8,145,4.308591549295795,1044.1439328862932,54.0,6.185772471910106,295.966488,68235,11.7
"Niger",2010,58.2,252,0.12,5.883760536,17.3,6.36,348.151511,16425578,4.5
"Niger",2011,59.4,241,0.15,32.22493445,17.7,6.66,375.5819866,1764636,4.8
"Niger",2012,63.0,232,0.01,29.75517982,18.1,6.11,391.515524,17731634,5.1
"Niger",2013,69.0,227,0.01,31.50243237,18.5,5.9,416.14838,18426372,5.3
"Niger",2014,61.4,223,0.01,3.304039899,18.9,5.82,43.646498,19148219,5.3
"Niger",2015,61.8,22,4.308591549295795,1044.1439328862932,19.3,6.185772471910106,358.99731,19896965,5.4
"Nigeria",2010,52.0,374,8.9,133.1230872,22.2,3.47,2327.3267,158578261,9.5
"Nigeria",2011,52.3,375,8.75,187.5733187,22.8,3.69,2527.9423,16287776,9.6
"Nigeria",2012,52.7,374,8.54,204.7186256,23.5,3.3,2755.297787,167297284,9.7
"Nigeria",2013,53.2,367,8.3,194.2032879,24.1,3.7,2996.96432,17182933,9.8
"Nigeria",2014,53.6,362,0.01,263.2111031,24.7,3.67,3221.678128,1764652,10.0
"Nigeria",2015,54.5,344,4.308591549295795,1044.1439328862932,25.4,6.185772471910106,2655.157977,181181744,10.0
"Norway",2010,81.0,66,6.59,15268.06445,58.9,9.26,87646.75346,4889252,17.4
"Norway",2011,81.1,67,6.53,277.3550522,59.4,9.14,1574.9861,495388,17.6
"Norway",2012,81.3,61,6.21,2094.19096,59.8,9.16,11563.727,518573,17.6
"Norway",2013,81.5,62,6.21,234.782883,6.3,9.39,1291.435,579623,17.5
"Norway",2014,81.6,61,6.06,177.6382878,6.8,9.72,975.49856,5137232,17.7
"Norway",2015,81.8,59,5.97,1044.1439328862932,61.2,6.185772471910106,7455.24654,518867,17.7
"Pakistan",2010,65.1,172,0.04,0.66751505,21.9,3.2,14.142268,1756182,7.5
"Pakistan",2011,65.5,167,0.04,57.87736282,22.5,3.1,1226.215314,174184265,7.5
"Pakistan",2012,65.7,165,0.04,59.65900139,23.2,2.76,1261.28967,177911533,7.6
"Pakistan",2013,66.0,163,0.04,60.18648815,23.9,2.7,1272.44161,181712595,7.7
"Pakistan",2014,66.2,162,0.01,62.29361092,24.7,2.61,1316.98966,185546257,7.8
"Pakistan",2015,66.4,161,4.308591549295795,1044.1439328862932,25.4,6.185772471910106,1431.244865,18938513,8.1
"Panama",2010,76.5,122,6.94,1199.319976,54.2,8.5,7937.259931,3643222,12.8
"Panama",2011,77.3,121,6.9,119.2124275,54.9,7.5,927.723171,377782,12.9
"Panama",2012,77.2,12,6.95,201.7490628,55.6,7.25,1589.82713,3772938,12.8
"Panama",2013,77.5,118,6.89,1694.467075,56.3,8.9,11685.97983,3838462,12.9
"Panama",2014,77.6,119,6.74,1842.463782,57.1,8.3,12593.7374,393986,13.0
"Panama",2015,77.8,118,4.308591549295795,1044.1439328862932,57.8,6.185772471910106,13134.4367,3969249,13.0
"Papua New Guinea",2010,61.8,286,0.79,18.99961966,44.9,4.18,1366.879112,718239,9.6
"Papua New Guinea",2011,62.0,285,0.88,23.40731286,45.7,4.94,177.867119,7269348,9.9
"Papua New Guinea",2012,62.2,284,0.01,31.6357652,46.4,4.55,271.318741,743836,9.9
"Papua New Guinea",2013,62.4,281,0.01,25.70881695,47.2,4.78,229.95364,7592865,10.0
"Papua New Guinea",2014,62.7,278,0.01,208.2311603,47.9,4.26,2182.716565,7755785,10.0
"Papua New Guinea",2015,62.9,275,4.308591549295795,1044.1439328862932,48.6,6.185772471910106,7743.020570492209,7919825,10.0
"Paraguay",2010,73.2,152,5.65,359.9760397,46.4,9.1,3225.591754,629877,12.4
"Paraguay",2011,73.4,15,5.79,472.1932825,47.1,9.42,3988.11894,6293783,12.3
"Paraguay",2012,73.6,148,5.36,441.8446244,47.9,1.33,3855.537735,6379219,12.3
"Paraguay",2013,73.8,148,5.03,573.4346982,48.6,1.49,4479.95858,646574,12.3
"Paraguay",2014,73.9,147,0.01,561.7684701,49.4,9.81,4712.822736,6552584,12.3
"Paraguay",2015,74.0,146,4.308591549295795,1044.1439328862932,5.2,6.185772471910106,419.367724,6639119,12.3
"Peru",2010,73.7,14,4.72,69.43934508,52.2,5.3,522.493191,29373646,13.3
"Peru",2011,74.5,133,4.83,759.5380695,52.9,4.93,5771.565878,29759989,13.4
"Peru",2012,74.9,129,5.14,885.9858185,53.6,5.18,6387.785281,3158966,13.4
"Peru",2013,75.3,125,5.38,946.6521165,54.2,5.23,6583.116248,3565716,13.4
"Peru",2014,75.3,125,0.01,973.728675,54.9,5.47,6491.5245,3973354,13.4
"Peru",2015,75.5,123,4.308591549295795,1044.1439328862932,55.6,6.185772471910106,63.343259,31376671,13.4
"Philippines",2010,67.9,218,4.85,198.2563794,22.6,4.37,2129.499242,93726624,11.4
"Philippines",2011,68.0,218,4.96,191.4949779,23.1,4.29,2352.518156,9527794,11.5
"Philippines",2012,68.1,217,5.02,212.7418488,23.7,4.46,2581.818554,96866642,11.6
"Philippines",2013,68.1,219,4.61,24.58973399,24.3,4.56,276.289146,9848132,11.7
"Philippines",2014,68.4,214,4.52,31.27232188,24.8,4.71,2842.938353,112249,11.7
"Philippines",2015,68.5,211,4.308591549295795,1044.1439328862932,25.4,6.185772471910106,2878.33837,11716359,11.7
"Poland",2010,76.3,13,10.59,220.4916851,58.4,6.88,12599.52486,3842794,15.1
"Poland",2011,76.7,128,10.93,250.0773782,59.1,6.7,13893.18768,3863255,15.4
"Poland",2012,76.8,125,10.81,230.040097,59.7,6.62,13145.1484,3863164,15.3
"Poland",2013,77.1,12,11.63,23.43533487,6.4,6.4,1378.54911,384196,15.4
"Poland",2014,77.3,12,10.71,243.808475,61.1,6.35,14341.675,3811735,16.4
"Poland",2015,77.5,117,4.308591549295795,1044.1439328862932,61.7,6.185772471910106,12565.9876,37986412,16.4
"Portugal",2010,79.6,88,12.25,3119.349824,58.1,1.44,22538.6548,15731,16.0
"Portugal",2011,82.0,85,11.92,3108.288623,58.8,1.7,23196.18375,155756,16.2
"Portugal",2012,83.0,81,11.96,331.457035,59.5,9.74,2577.4264,1514844,16.3
"Portugal",2013,86.0,79,10.0,2698.01817,6.2,9.55,21618.73534,1457295,16.3
"Portugal",2014,89.0,78,9.88,271.2545531,6.9,9.5,2277.53613,14162,16.8
"Portugal",2015,81.1,76,4.308591549295795,1044.1439328862932,61.6,6.185772471910106,1922.681,135876,16.6
"Romania",2010,73.4,153,9.0,983.2518091,56.9,5.83,8297.483621,2246871,15.8
"Romania",2011,74.3,139,9.1,10.32588862,57.7,5.53,92.277825,2147528,15.7
"Romania",2012,74.4,138,9.58,1078.358105,58.4,5.48,8558.39766,25835,15.3
"Romania",2013,74.6,138,9.59,1230.748231,59.2,5.6,9585.266593,19983693,14.7
"Romania",2014,74.8,135,0.01,1.576409172,59.9,5.57,12.27733,1998979,14.7
"Romania",2015,75.0,133,4.308591549295795,1044.1439328862932,6.7,6.185772471910106,8958.788593,19815481,14.7
"Russian Federation",2010,68.4,256,11.05,162.8088054,57.5,6.83,1674.98771,142849449,13.7
"Russian Federation",2011,69.4,242,11.04,184.764931,58.1,6.61,14212.687,14296868,14.0
"Russian Federation",2012,69.6,237,10.99,178.8225911,58.7,6.88,15154.45687,14321676,14.3
"Russian Federation",2013,70.0,229,10.58,1529.497771,59.3,7.9,15543.67653,14356911,14.6
"Russian Federation",2014,73.0,225,10.12,1340.553699,59.9,7.7,14125.961,143819666,14.9
"Russian Federation",2015,75.0,222,4.308591549295795,1044.1439328862932,6.5,6.185772471910106,9329.298351,1449687,15.0
"Rwanda",2010,62.8,26,7.92,63.78723633,18.3,7.91,563.491487,1246842,10.0
"Rwanda",2011,63.8,247,8.34,9.074569426,18.9,7.71,617.317648,151671,10.2
"Rwanda",2012,64.6,239,0.01,9.774676411,19.5,7.68,678.796973,1788853,10.5
"Rwanda",2013,65.2,233,0.01,11.71090655,2.1,7.69,688.8768557,1165151,10.8
"Rwanda",2014,65.7,23,0.01,7.549797238,2.8,7.53,76.5699517,11345357,10.8
"Rwanda",2015,66.1,227,4.308591549295795,1044.1439328862932,21.4,6.185772471910106,71.348397,11629553,10.8
"Samoa",2010,72.6,144,3.01,434.7940679,72.5,5.7,3453.487434,18625,12.9
"Samoa",2011,73.0,139,2.15,558.7206486,72.9,5.8,3942.9827,187665,12.9
"Samoa",2012,73.2,136,0.01,492.0552263,73.4,5.2,4234.554443,189194,12.9
"Samoa",2013,73.6,131,0.01,698.3522786,73.8,6.91,4219.65123,19757,12.9
"Samoa",2014,73.8,128,0.01,660.2777923,74.3,7.22,4178.973369,19229,12.9
"Samoa",2015,74.0,125,4.308591549295795,1044.1439328862932,74.7,6.185772471910106,4149.363444,193759,12.9
"Sao Tome and Principe",2010,66.2,24,5.58,63.04032682,26.9,5.24,1129.754961,174776,10.6
"Sao Tome and Principe",2011,66.6,198,5.69,7.495401346,27.7,5.44,134.326189,1788,10.6
"Sao Tome and Principe",2012,66.9,194,0.01,8.198047581,28.5,8.6,138.949959,182889,10.8
"Sao Tome and Principe",2013,67.1,192,0.01,200.6600988,29.3,9.76,1619.532678,18745,11.0
"Sao Tome and Principe",2014,67.3,191,0.01,225.7307751,3.1,8.35,1821.878734,191266,11.1
"Sao Tome and Principe",2015,67.5,19,4.308591549295795,1044.1439328862932,3.9,6.185772471910106,1624.63963,195553,11.2
"Senegal",2010,64.3,212,0.28,1.020071763,21.7,4.62,11.631377,12916229,7.7
"Senegal",2011,64.9,26,0.32,1.431051664,22.2,4.42,18.25321,13391,7.9
"Senegal",2012,65.6,2,0.28,10.20659464,22.7,4.31,136.4518,1373513,8.3
"Senegal",2013,66.0,196,0.26,11.8385319,23.2,4.51,148.912351,141232,8.7
"Senegal",2014,66.4,192,0.26,12.80528533,23.8,4.66,152.443873,14546111,9.1
"Senegal",2015,66.7,188,4.308591549295795,1044.1439328862932,24.3,6.185772471910106,98.7256145,14976994,9.5
"Serbia",2010,74.4,128,9.65,774.4396617,57.0,1.9,5411.87744,7291436,13.6
"Serbia",2011,74.6,127,9.56,915.3190791,57.7,9.72,6423.291783,723499,13.5
"Serbia",2012,74.9,126,9.38,742.5109709,58.3,9.89,5659.3824,719977,14.0
"Serbia",2013,75.3,122,9.16,880.6403367,58.9,1.12,6353.826383,7164132,14.1
"Serbia",2014,75.4,123,9.09,8.617208431,59.4,1.37,62.173221,713576,14.3
"Serbia",2015,75.6,121,4.308591549295795,1044.1439328862932,6.0,6.185772471910106,5237.255334,795383,14.4
"Seychelles",2010,72.4,18,6.51,16.49232317,33.5,3.59,184.68447,8977,13.2
"Seychelles",2011,72.6,177,9.72,1121.475547,34.2,3.38,12189.9516,87441,13.3
"Seychelles",2012,72.7,174,0.01,177.2633961,34.8,4.8,12845.17363,8833,13.5
"Seychelles",2013,72.9,172,0.01,1521.672751,35.5,3.58,15687.34795,89949,13.5
"Seychelles",2014,73.0,17,0.01,151.1045552,36.2,3.37,1557.77892,91359,13.2
"Seychelles",2015,73.2,168,4.308591549295795,1044.1439328862932,37.4,6.185772471910106,1539.464,93419,14.1
"Sierra Leone",2010,48.1,424,3.84,5.347717533,21.7,1.32,45.128418,645872,8.7
"Sierra Leone",2011,48.9,418,3.78,54.6659175,22.2,11.98,445.525,6611692,8.9
"Sierra Leone",2012,49.7,411,0.01,54.56033696,22.7,11.24,561.8984239,676613,9.1
"Sierra Leone",2013,54.0,47,0.01,1.321464076,23.3,11.59,71.8186998,692279,9.3
"Sierra Leone",2014,48.1,463,0.01,1.443286353,23.8,11.9,78.4394757,779162,9.5
"Sierra Leone",2015,51.0,413,4.308591549295795,1044.1439328862932,24.4,6.185772471910106,587.538233,723725,9.5
"Slovenia",2010,79.5,87,10.32,3187.496219,57.0,9.7,23437.4722,248583,16.9
"Slovenia",2011,79.8,84,10.61,3343.026219,57.6,9.8,24985.24827,252843,17.0
"Slovenia",2012,82.0,81,10.95,3283.024864,58.2,9.37,22486.47167,257159,16.8
"Slovenia",2013,85.0,78,9.53,259.7786785,58.9,9.29,2315.31799,259953,16.8
"Slovenia",2014,87.0,76,10.46,31.13492794,59.5,9.23,242.67286,26198,17.6
"Slovenia",2015,88.0,74,4.308591549295795,1044.1439328862932,6.1,6.185772471910106,2729.86383,263531,17.3
"Solomon Islands",2010,68.3,188,1.1,29.5207994,46.4,7.47,1272.44825,52779,9.3
"Solomon Islands",2011,68.5,186,0.99,229.6687488,47.2,5.8,1642.837974,539614,9.4
"Solomon Islands",2012,68.7,184,0.01,247.9492284,48.1,5.48,1858.689868,551531,9.4
"Solomon Islands",2013,68.8,182,0.01,24.73328608,48.9,5.42,188.5159,563513,9.5
"Solomon Islands",2014,68.8,183,0.01,3.718438799,49.7,5.5,29.652622,57554,9.6
"Solomon Islands",2015,69.2,177,4.308591549295795,1044.1439328862932,5.5,6.185772471910106,1922.41388,587482,9.6
"South Africa",2010,58.0,428,7.28,1038.885632,47.2,8.5,7362.76139,5979432,12.8
"South Africa",2011,58.9,413,7.38,123.753335,47.9,8.61,849.954224,51729345,12.8
"South Africa",2012,59.2,48,7.38,1089.954838,48.7,8.79,7548.163698,5256516,12.8
"South Africa",2013,69.0,371,7.34,978.5905287,49.5,8.78,6876.953821,53311956,12.8
"South Africa",2014,62.0,347,7.38,922.0507313,5.3,8.8,6479.625659,54146735,13.0
"South Africa",2015,62.9,328,4.308591549295795,1044.1439328862932,51.1,6.185772471910106,5769.77258,5511977,13.0
"South Sudan",2010,55.0,359,4.308591549295795,1044.1439328862932,39.780047505938306,6.185772471910106,1562.239346,167192,12.642321219226256
"South Sudan",2011,55.4,355,4.308591549295795,1044.1439328862932,39.780047505938306,6.185772471910106,176.9713,1448857,4.9
"South Sudan",2012,56.0,347,4.308591549295795,38.3382324,39.780047505938306,2.77,958.45581,1818258,4.9
"South Sudan",2013,56.4,345,4.308591549295795,47.44453,39.780047505938306,2.62,1186.11325,1117749,4.9
"South Sudan",2014,56.6,343,4.308591549295795,46.0744686,39.780047505938306,2.74,1151.861715,1153971,4.9
"South Sudan",2015,57.3,332,4.308591549295795,1044.1439328862932,39.780047505938306,6.185772471910106,758.725782,11882136,4.9
"Spain",2010,81.9,64,9.78,578.7417172,63.5,9.56,3736.228,46576897,16.4
"Spain",2011,82.1,63,9.62,4873.8188,64.1,9.48,31834.21816,46742697,16.9
"Spain",2012,82.0,61,9.35,4255.781693,64.8,9.39,28562.29324,4677355,17.2
"Spain",2013,82.4,6,9.25,423.680459,65.4,9.1,2921.9342,466245,17.5
"Spain",2014,82.6,58,0.01,42.98847625,66.0,9.3,296.47225,4648882,17.6
"Spain",2015,82.8,56,4.308591549295795,1044.1439328862932,66.6,6.185772471910106,25683.84565,46447697,17.7
"Sri Lanka",2010,74.5,138,2.31,191.7267589,19.8,3.43,2819.511161,2119,13.5
"Sri Lanka",2011,74.5,141,3.03,20.83302367,2.5,3.28,322.992615,2271,13.6
"Sri Lanka",2012,74.5,143,2.8,20.76877311,21.2,3.21,335.521375,2425,13.7
"Sri Lanka",2013,74.6,142,2.56,41.62053588,21.9,3.68,361.289374,2585,13.8
"Sri Lanka",2014,74.7,141,2.37,42.7308283,22.7,3.5,382.54994,2771,14.0
"Sri Lanka",2015,74.9,138,4.308591549295795,1044.1439328862932,23.4,6.185772471910106,3844.89123,2966,14.0
"Sudan",2010,62.5,243,1.77,172.0097884,39.780047505938306,7.97,1476.47887,34385963,7.0
"Sudan",2011,62.7,241,2.12,196.6892153,39.780047505938306,8.3,1666.857757,35167314,7.0
"Sudan",2012,63.2,235,0.01,220.522192,39.780047505938306,8.2,1892.894352,3599192,6.8
"Sudan",2013,63.5,232,0.01,227.8353208,39.780047505938306,8.42,1955.66799,36849918,7.0
"Sudan",2014,63.8,229,0.01,253.6086508,39.780047505938306,8.43,2176.89829,37737913,7.2
"Sudan",2015,64.1,225,4.308591549295795,1044.1439328862932,39.780047505938306,6.185772471910106,2513.884661,3864783,7.2
"Suriname",2010,73.0,19,5.26,99.08095375,54.8,5.81,833.31332,52613,12.3
"Suriname",2011,76.0,187,5.64,989.1263558,55.5,5.93,8318.97692,531589,12.5
"Suriname",2012,71.3,178,5.73,1168.324095,56.3,6.9,9272.413453,53777,12.7
"Suriname",2013,71.2,179,6.02,1122.972967,57.0,5.96,9484.56898,54254,12.7
"Suriname",2014,71.4,178,6.32,1132.432517,57.7,5.69,9564.46383,547928,12.7
"Suriname",2015,71.6,176,4.308591549295795,1044.1439328862932,58.3,6.185772471910106,8818.982566,55328,12.7
"Swaziland",2010,53.6,459,4.93,56.93670561,29.7,8.47,369.239336,122843,11.0
"Swaziland",2011,55.0,438,5.2,735.7090978,3.2,8.61,3934.27325,1225258,11.2
"Swaziland",2012,56.5,412,0.01,720.2333929,3.7,8.76,3851.51547,1248158,11.3
"Swaziland",2013,57.6,393,0.01,708.9556648,31.2,9.66,3598.75972,1271456,11.4
"Swaziland",2014,58.4,382,0.01,574.3895102,31.8,9.25,3464.35169,129597,11.4
"Swaziland",2015,58.9,373,4.308591549295795,1044.1439328862932,32.3,6.185772471910106,3136.92511,131911,11.4
"Sweden",2010,81.5,58,7.2,778.2477467,57.3,9.47,5276.25591,9378126,15.8
"Sweden",2011,81.7,58,7.4,11477.6671,57.7,11.7,59593.28711,9449213,16.0
"Sweden",2012,81.7,57,7.4,10947.02327,58.1,11.8,57134.777,9519374,15.8
"Sweden",2013,81.9,57,7.3,1212.666327,58.5,11.97,6283.24522,96379,15.8
"Sweden",2014,82.3,54,7.3,1142.212403,59.0,11.93,5918.19898,969611,15.8
"Sweden",2015,82.4,53,4.308591549295795,1044.1439328862932,59.5,6.185772471910106,5585.25847,9799186,15.9
"Switzerland",2010,82.3,57,10.01,2198.590865,55.4,11.7,74276.71842,782499,15.4
"Switzerland",2011,82.6,55,9.99,18822.86732,55.8,11.21,87998.44468,7912398,15.6
"Switzerland",2012,82.7,54,9.86,18379.32974,56.2,11.59,83164.38795,7996861,15.7
"Switzerland",2013,83.0,52,9.73,19099.04506,56.6,11.71,84658.88768,889346,15.8
"Switzerland",2014,83.2,51,9.61,19479.91161,57.0,11.66,85814.58857,8188649,15.9
"Switzerland",2015,83.4,49,4.308591549295795,1044.1439328862932,57.4,6.185772471910106,8989.8424,8282396,16.0
"Syrian Arab Republic",2010,73.7,127,0.78,1044.1439328862932,52.3,3.28,7743.020570492209,2118834,11.7
"Syrian Arab Republic",2011,71.7,163,0.76,1044.1439328862932,53.2,3.23,7743.020570492209,2863993,12.0
"Syrian Arab Republic",2012,62.8,32,0.01,1044.1439328862932,54.2,3.25,7743.020570492209,24271,12.5
"Syrian Arab Republic",2013,63.6,37,0.01,1044.1439328862932,55.2,3.25,7743.020570492209,1989141,13.0
"Syrian Arab Republic",2014,64.4,294,0.01,1044.1439328862932,56.2,3.25,7743.020570492209,19239,9.0
"Syrian Arab Republic",2015,64.5,293,4.308591549295795,1044.1439328862932,57.1,6.185772471910106,7743.020570492209,18734987,9.0
"Tajikistan",2010,67.3,171,0.32,43.34099958,36.6,6.4,738.3475227,764163,11.1
"Tajikistan",2011,68.1,166,0.32,51.9919227,37.4,5.98,834.5412953,7815949,11.1
"Tajikistan",2012,68.8,164,0.01,71.50892145,38.2,6.39,954.725253,799562,11.1
"Tajikistan",2013,69.3,163,0.01,1.0419164,39.0,6.75,14.214412,817789,11.2
"Tajikistan",2014,69.6,162,0.01,7.829008596,39.9,6.88,114.45919,8362745,11.3
"Tajikistan",2015,69.7,161,4.308591549295795,1044.1439328862932,4.7,6.185772471910106,918.6771543,8548651,11.3
"Thailand",2010,73.9,158,5.95,71.6850913,27.9,3.81,575.32176,672888,13.1
"Thailand",2011,74.1,155,6.07,748.4451054,29.0,4.12,5491.159981,675313,13.3
"Thailand",2012,74.3,154,6.56,801.0504655,3.1,4.17,5859.915622,67843979,13.7
"Thailand",2013,74.5,153,6.5,788.6873403,31.3,4.0,6171.262444,6814365,13.6
"Thailand",2014,74.6,152,6.41,789.0772949,32.4,4.12,5941.8471,68416772,13.6
"Thailand",2015,74.9,148,4.308591549295795,1044.1439328862932,33.6,6.185772471910106,5814.863134,686576,13.6
"Timor-Leste",2010,66.9,163,0.1,38.58376645,15.5,0.92,849.8626972,119591,12.4
"Timor-Leste",2011,67.2,161,0.5,2.726570602,15.8,0.76,114.56179,1131523,12.5
"Timor-Leste",2012,67.4,159,0.01,30.17998548,16.2,1.1,1117.77724,115676,12.5
"Timor-Leste",2013,67.7,158,0.01,3.379874844,16.6,1.29,117.765674,1184366,12.5
"Timor-Leste",2014,68.0,155,0.01,28.14578503,17.0,1.48,1153.51578,1212814,12.5
"Timor-Leste",2015,68.3,152,4.308591549295795,1044.1439328862932,17.4,6.185772471910106,1161.76935,124977,12.5
"Togo",2010,57.4,323,1.21,41.96145465,21.4,5.37,487.9238913,652952,11.0
"Togo",2011,58.3,34,1.44,39.08258546,22.0,5.21,562.3393592,6679282,11.5
"Togo",2012,58.9,294,0.01,41.60027954,22.6,5.11,563.6894247,6859482,12.0
"Togo",2013,59.4,287,0.01,48.73047089,23.1,5.12,579.43485,742948,12.0
"Togo",2014,59.7,285,0.01,4.877350139,23.7,5.25,62.1318489,7228915,12.0
"Togo",2015,59.9,287,4.308591549295795,1044.1439328862932,24.3,6.185772471910106,551.138346,741682,12.0
"Tonga",2010,72.8,142,1.24,471.8307668,72.7,4.59,3547.59975,14137,14.4
"Tonga",2011,72.9,14,0.96,7.033980828,73.3,4.6,445.18866,14577,14.4
"Tonga",2012,73.0,138,0.01,63.80294988,73.8,4.51,451.542462,14951,14.4
"Tonga",2013,73.2,137,0.01,584.9449886,74.3,4.98,4266.557174,15328,14.3
"Tonga",2014,73.3,135,0.01,565.9672173,74.8,5.18,4192.349758,15782,14.3
"Tonga",2015,73.5,133,4.308591549295795,1044.1439328862932,75.2,6.185772471910106,493.775387,16364,14.3
"Trinidad and Tobago",2010,74.0,179,6.5,1389.772683,42.0,5.29,16683.94578,13281,12.5
"Trinidad and Tobago",2011,76.0,176,6.5,144.9850711,43.0,5.6,1953.9767,1334788,12.6
"Trinidad and Tobago",2012,78.0,174,6.7,1486.236406,44.0,5.78,19152.531,1341588,12.6
"Trinidad and Tobago",2013,71.0,172,6.71,167.2657906,45.0,5.98,1967.83283,1348248,12.7
"Trinidad and Tobago",2014,71.1,171,6.94,1578.872339,46.0,5.93,19325.24283,1354493,12.7
"Trinidad and Tobago",2015,71.2,17,4.308591549295795,1044.1439328862932,47.1,6.185772471910106,17321.83373,13692,12.7
"Tunisia",2010,74.8,12,1.28,64.85616718,56.5,6.54,414.15177,1639931,14.4
"Tunisia",2011,74.8,13,1.29,623.2120325,57.4,7.15,4256.91279,1761467,14.5
"Tunisia",2012,74.9,13,1.3,585.8776761,58.3,7.18,4137.55421,1886668,14.6
"Tunisia",2013,74.9,13,1.29,594.6453102,59.3,7.26,4199.47253,1114558,14.7
"Tunisia",2014,75.1,12,1.39,604.8701316,6.2,7.0,4271.68172,1114398,14.7
"Tunisia",2015,75.3,1,4.308591549295795,1044.1439328862932,61.2,6.185772471910106,3828.91589,11273661,14.6
"Turkey",2010,74.2,116,1.49,32.78235828,61.9,5.61,1672.5693,72326914,13.0
"Turkey",2011,74.5,114,1.53,1275.877569,62.8,5.29,11341.13395,7349455,13.8
"Turkey",2012,74.8,112,1.54,20.75120211,63.7,5.24,1172.3843,74569867,14.3
"Turkey",2013,75.2,19,1.41,188.1440348,64.5,5.38,12542.93565,75787333,14.4
"Turkey",2014,75.5,17,1.45,181.9083783,65.3,5.41,12127.22522,773628,14.5
"Turkey",2015,75.8,16,4.308591549295795,1044.1439328862932,66.1,6.185772471910106,1979.52569,78271472,14.5
"Turkmenistan",2010,65.8,211,2.48,385.325164,44.2,1.99,4439.23,58721,10.6
"Turkmenistan",2011,65.6,217,2.55,490.4181326,45.0,1.98,5649.978486,517461,10.6
"Turkmenistan",2012,65.6,22,2.75,579.4128244,45.9,1.96,6675.262954,5267839,10.7
"Turkmenistan",2013,65.4,228,2.93,63.7481117,46.7,2.12,734.42525,5366277,10.7
"Turkmenistan",2014,66.0,217,2.9,691.1333535,47.7,2.7,7962.365824,5466241,10.8
"Turkmenistan",2015,66.3,215,4.308591549295795,1044.1439328862932,48.6,6.185772471910106,6432.668768,5565284,10.8
"Uganda",2010,58.4,362,10.03,116.202964,16.3,11.2,594.9972557,33915133,10.9
"Uganda",2011,59.3,347,10.22,94.49686776,16.7,9.9,584.3962137,3593648,10.7
"Uganda",2012,60.0,339,0.01,92.88697859,17.2,7.58,647.74741,3636796,10.0
"Uganda",2013,67.0,325,0.01,90.76144414,17.6,7.47,662.492293,37553726,10.0
"Uganda",2014,61.5,38,0.01,14.16770158,18.1,7.22,719.172669,38833338,10.0
"Uganda",2015,62.3,291,4.308591549295795,1044.1439328862932,18.5,6.185772471910106,693.8963829,414487,10.0
"Ukraine",2010,69.8,212,8.39,375.6835376,58.5,7.81,2965.142365,45877,14.9
"Ukraine",2011,75.0,24,8.48,415.1627705,59.0,6.98,3569.75727,45761,14.9
"Ukraine",2012,77.0,25,8.44,453.7830847,59.6,7.47,3855.42128,455933,15.1
"Ukraine",2013,71.0,198,8.44,52.42529588,6.1,7.67,429.71554,454896,15.2
"Ukraine",2014,78.0,23,8.06,5.663849328,6.7,7.1,314.658296,45271947,15.2
"Ukraine",2015,71.3,195,4.308591549295795,1044.1439328862932,61.3,6.185772471910106,2124.662666,4515429,15.3
"Uruguay",2010,76.3,118,6.21,2331.532804,61.2,8.63,11938.212,3374415,15.6
"Uruguay",2011,77.0,111,5.97,417.9117441,61.8,8.55,14166.4998,3385624,15.5
"Uruguay",2012,76.5,118,5.77,339.7190493,62.3,8.74,1592.6819,3396777,15.5
"Uruguay",2013,76.8,117,5.82,482.8039445,62.9,8.68,16881.2568,3485,15.5
"Uruguay",2014,76.8,117,6.03,463.6397821,63.4,8.58,16737.89827,3419546,15.5
"Uruguay",2015,77.0,116,4.308591549295795,1044.1439328862932,64.0,6.185772471910106,15524.84247,3431552,15.5
"Uzbekistan",2010,68.3,183,2.73,119.4571154,4.7,5.34,1377.8214,285624,11.9
"Uzbekistan",2011,68.5,183,2.83,140.6905284,41.4,5.65,1564.966945,293394,12.0
"Uzbekistan",2012,68.8,184,0.01,16.71406295,42.2,6.49,174.468298,297745,12.0
"Uzbekistan",2013,69.1,185,0.01,19.1624696,43.0,6.32,197.551233,32432,12.0
"Uzbekistan",2014,69.2,184,0.01,0.442802404,43.9,5.84,25.448414,37577,12.1
"Uzbekistan",2015,69.4,184,4.308591549295795,1044.1439328862932,44.7,6.185772471910106,2137.576852,312989,12.1
"Vanuatu",2010,71.0,145,0.91,471.8626525,49.1,4.71,2965.82434,236295,10.8
"Vanuatu",2011,71.2,141,0.85,457.9731742,49.9,3.85,3275.91684,241871,10.8
"Vanuatu",2012,71.4,138,0.01,427.9885222,5.8,3.7,3158.58688,247485,10.8
"Vanuatu",2013,71.6,135,0.01,447.545645,51.7,3.92,3167.34356,253142,10.8
"Vanuatu",2014,71.7,134,0.01,564.8167043,52.5,5.2,3148.36513,25885,10.8
"Vanuatu",2015,72.0,13,4.308591549295795,1044.1439328862932,53.3,6.185772471910106,285.83414,26463,10.8
"Zambia",2010,58.0,363,2.47,184.3649102,2.7,4.41,1463.213573,138533,11.8
"Zambia",2011,58.2,366,2.57,183.0461695,21.2,4.26,1644.619672,14264756,12.0
"Zambia",2012,59.2,349,2.59,196.9152496,21.7,4.91,1734.93612,14699937,12.3
"Zambia",2013,63.0,328,2.41,20.62306285,22.3,4.99,185.793359,1515321,12.5
"Zambia",2014,61.1,314,0.01,196.6675768,22.8,4.99,1738.8822,1562974,12.5
"Zambia",2015,61.8,33,4.308591549295795,1044.1439328862932,23.4,6.185772471910106,1313.889646,161587,12.5
"Zimbabwe",2010,52.4,527,5.21,53.30858081,29.4,5.37,713.63562,1486317,10.0
"Zimbabwe",2011,54.9,464,6.0,63.75053034,29.9,6.31,839.927936,14386649,10.1
"Zimbabwe",2012,56.6,429,6.09,92.60233636,3.3,6.69,955.648466,1471826,9.8
"Zimbabwe",2013,58.0,399,6.39,10.66670728,3.8,6.88,111.227396,155456,10.4
"Zimbabwe",2014,59.2,371,6.5,10.82259524,31.3,6.44,127.47462,15411675,10.3
"Zimbabwe",2015,67.0,336,4.308591549295795,1044.1439328862932,31.8,6.185772471910106,118.69383,15777451,10.3
